Transaction_ID,Customer_ID,Transaction_DateTime,Transaction_Type,Amount_NGN,Channel
FT-T000001,FT-C01135,2026-01-01 00:00:00,Card Purchase,5923.8,Mobile App
FT-T000002,FT-C00428,2026-01-01 00:10:00,Cash Withdrawal,11681.12,ATM
FT-T000003,FT-C00469,2026-01-01 00:21:00,Transfer,571.91,ATM
FT-T000004,FT-C01015,2026-01-01 00:32:00,Deposit,105367.52,Mobile App
FT-T000005,FT-C00870,2026-01-01 00:43:00,Cash Withdrawal,3049.06,Mobile App
FT-T000006,FT-C00770,2026-01-01 00:54:00,Airtime/Data,175.89,POS
FT-T000007,FT-C00680,2026-01-01 01:04:00,Airtime/Data,18733.61,Mobile App
FT-T000008,FT-C00805,2026-01-01 01:15:00,Card Purchase,6702.14,Web
FT-T000009,FT-C00886,2026-01-01 01:26:00,Airtime/Data,10503.84,POS
FT-T000010,FT-C00561,2026-01-01 01:37:00,Airtime/Data,16528.85,Mobile App
FT-T000011,FT-C01274,2026-01-01 01:48:00,Cash Withdrawal,205633.39,USSD
FT-T000012,FT-C00331,2026-01-01 01:58:00,Card Purchase,16212.6,Web
FT-T000013,FT-C00587,2026-01-01 02:09:00,Bill Payment,717.93,Web
FT-T000014,FT-C00201,2026-01-01 02:20:00,Transfer,22208.35,Mobile App
FT-T000015,FT-C00454,2026-01-01 02:31:00,Cash Withdrawal,16664.98,POS
FT-T000016,FT-C00826,2026-01-01 02:42:00,Transfer,739.65,USSD
FT-T000017,FT-C00111,2026-01-01 02:52:00,Cash Withdrawal,5426.18,Mobile App
FT-T000018,FT-C00864,2026-01-01 03:03:00,Airtime/Data,1295.56,Web
FT-T000019,FT-C00908,2026-01-01 03:14:00,Transfer,1494.62,Mobile App
FT-T000020,FT-C01233,2026-01-01 03:25:00,Bill Payment,523.76,Mobile App
FT-T000021,FT-C00033,2026-01-01 03:36:00,Transfer,86152.38,Mobile App
FT-T000022,FT-C00555,2026-01-01 03:46:00,Bill Payment,45562.37,POS
FT-T000023,FT-C00107,2026-01-01 03:57:00,Bill Payment,1683.22,USSD
FT-T000024,FT-C01289,2026-01-01 04:08:00,Transfer,513.09,POS
FT-T000025,FT-C00226,2026-01-01 04:19:00,Cash Withdrawal,136149.3,Web
FT-T000026,FT-C00487,2026-01-01 04:30:00,Deposit,2405.08,POS
FT-T000027,FT-C00179,2026-01-01 04:40:00,Card Purchase,3956.89,POS
FT-T000028,FT-C01246,2026-01-01 04:51:00,Bill Payment,3475.92,Web
FT-T000029,FT-C01394,2026-01-01 05:02:00,Bill Payment,1193.82,USSD
FT-T000030,FT-C00637,2026-01-01 05:13:00,Transfer,29376.61,Mobile App
FT-T000031,FT-C00788,2026-01-01 05:24:00,Airtime/Data,30138.22,Mobile App
FT-T000032,FT-C00167,2026-01-01 05:34:00,Cash Withdrawal,17056.02,Mobile App
FT-T000033,FT-C00663,2026-01-01 05:45:00,Card Purchase,151362.75,Mobile App
