Analysis_ID,Business_Question,Channel,transaction_count,total_value_ngn,avg_value_ngn,value_share_pct,Transaction_Type,value_rank,amount_band,Transaction_ID,Customer_ID,amount_ngn,cumulative_value_share_pct,hour,volume_rank,total_transactions,matched_transactions,unmatched_transactions,match_rate_pct,transaction_date,total_rows,missing_transaction_id,missing_customer_id,missing_datetime,missing_transaction_type,missing_amount,missing_channel
A1,"Channel volume, value, average and value share",Mobile App,14.0,493341.73,35238.69,51.4,,,,,,,,,,,,,,,,,,,,,
A1,"Channel volume, value, average and value share",USSD,4.0,209250.08,52312.52,21.8,,,,,,,,,,,,,,,,,,,,,
A1,"Channel volume, value, average and value share",Web,6.0,164553.45,27425.57,17.2,,,,,,,,,,,,,,,,,,,,,
A1,"Channel volume, value, average and value share",POS,7.0,79782.14,11397.45,8.3,,,,,,,,,,,,,,,,,,,,,
A1,"Channel volume, value, average and value share",ATM,2.0,12253.03,6126.52,1.3,,,,,,,,,,,,,,,,,,,,,
A2,Transaction type value ranking,,7.0,395660.05,56522.86,,Cash Withdrawal,1.0,,,,,,,,,,,,,,,,,,,
A2,Transaction type value ranking,,5.0,184158.18,36831.64,,Card Purchase,2.0,,,,,,,,,,,,,,,,,,,
A2,Transaction type value ranking,,7.0,141056.61,20150.94,,Transfer,3.0,,,,,,,,,,,,,,,,,,,
A2,Transaction type value ranking,,2.0,107772.6,53886.3,,Deposit,4.0,,,,,,,,,,,,,,,,,,,
A2,Transaction type value ranking,,6.0,77375.97,12896.0,,Airtime/Data,5.0,,,,,,,,,,,,,,,,,,,
A2,Transaction type value ranking,,6.0,53157.02,8859.5,,Bill Payment,6.0,,,,,,,,,,,,,,,,,,,
A3,Amount-band distribution,,6.0,3242.23,,0.3,,,<₦1k,,,,,,,,,,,,,,,,,,
A3,Amount-band distribution,,5.0,684665.34,,71.4,,,>₦50k,,,,,,,,,,,,,,,,,,
A3,Amount-band distribution,,11.0,234666.57,,24.5,,,₦10k–₦50k,,,,,,,,,,,,,,,,,,
A3,Amount-band distribution,,8.0,18554.17,,1.9,,,₦1k–₦5k,,,,,,,,,,,,,,,,,,
A3,Amount-band distribution,,3.0,18052.12,,1.9,,,₦5k–₦10k,,,,,,,,,,,,,,,,,,
A4,IQR high-value transactions,USSD,,,,,Cash Withdrawal,,,FT-T000011,FT-C01274,205633.39,,,,,,,,,,,,,,,
A4,IQR high-value transactions,Mobile App,,,,,Card Purchase,,,FT-T000033,FT-C00663,151362.75,,,,,,,,,,,,,,,
A4,IQR high-value transactions,Web,,,,,Cash Withdrawal,,,FT-T000025,FT-C00226,136149.3,,,,,,,,,,,,,,,
A4,IQR high-value transactions,Mobile App,,,,,Deposit,,,FT-T000004,FT-C01015,105367.52,,,,,,,,,,,,,,,
A4,IQR high-value transactions,Mobile App,,,,,Transfer,,,FT-T000021,FT-C00033,86152.38,,,,,,,,,,,,,,,
A5,Cumulative value concentration,,,,,,,1.0,,FT-T000011,,205633.39,21.4,,,,,,,,,,,,,,
A5,Cumulative value concentration,,,,,,,2.0,,FT-T000033,,151362.75,37.2,,,,,,,,,,,,,,
A5,Cumulative value concentration,,,,,,,3.0,,FT-T000025,,136149.3,51.4,,,,,,,,,,,,,,
A5,Cumulative value concentration,,,,,,,4.0,,FT-T000004,,105367.52,62.4,,,,,,,,,,,,,,
A5,Cumulative value concentration,,,,,,,5.0,,FT-T000021,,86152.38,71.4,,,,,,,,,,,,,,
A5,Cumulative value concentration,,,,,,,6.0,,FT-T000022,,45562.37,76.1,,,,,,,,,,,,,,
A5,Cumulative value concentration,,,,,,,7.0,,FT-T000031,,30138.22,79.3,,,,,,,,,,,,,,
A5,Cumulative value concentration,,,,,,,8.0,,FT-T000030,,29376.61,82.3,,,,,,,,,,,,,,
A5,Cumulative value concentration,,,,,,,9.0,,FT-T000014,,22208.35,84.7,,,,,,,,,,,,,,
A5,Cumulative value concentration,,,,,,,10.0,,FT-T000007,,18733.61,86.6,,,,,,,,,,,,,,
A5,Cumulative value concentration,,,,,,,11.0,,FT-T000032,,17056.02,88.4,,,,,,,,,,,,,,
A5,Cumulative value concentration,,,,,,,12.0,,FT-T000015,,16664.98,90.1,,,,,,,,,,,,,,
A5,Cumulative value concentration,,,,,,,13.0,,FT-T000010,,16528.85,91.8,,,,,,,,,,,,,,
A5,Cumulative value concentration,,,,,,,14.0,,FT-T000012,,16212.6,93.5,,,,,,,,,,,,,,
A5,Cumulative value concentration,,,,,,,15.0,,FT-T000002,,11681.12,94.8,,,,,,,,,,,,,,
A5,Cumulative value concentration,,,,,,,16.0,,FT-T000009,,10503.84,95.8,,,,,,,,,,,,,,
A5,Cumulative value concentration,,,,,,,17.0,,FT-T000008,,6702.14,96.5,,,,,,,,,,,,,,
A5,Cumulative value concentration,,,,,,,18.0,,FT-T000001,,5923.8,97.2,,,,,,,,,,,,,,
A5,Cumulative value concentration,,,,,,,19.0,,FT-T000017,,5426.18,97.7,,,,,,,,,,,,,,
A5,Cumulative value concentration,,,,,,,20.0,,FT-T000027,,3956.89,98.1,,,,,,,,,,,,,,
A5,Cumulative value concentration,,,,,,,21.0,,FT-T000028,,3475.92,98.5,,,,,,,,,,,,,,
A5,Cumulative value concentration,,,,,,,22.0,,FT-T000005,,3049.06,98.8,,,,,,,,,,,,,,
A5,Cumulative value concentration,,,,,,,23.0,,FT-T000026,,2405.08,99.1,,,,,,,,,,,,,,
A5,Cumulative value concentration,,,,,,,24.0,,FT-T000023,,1683.22,99.2,,,,,,,,,,,,,,
A5,Cumulative value concentration,,,,,,,25.0,,FT-T000019,,1494.62,99.4,,,,,,,,,,,,,,
A5,Cumulative value concentration,,,,,,,26.0,,FT-T000018,,1295.56,99.5,,,,,,,,,,,,,,
A5,Cumulative value concentration,,,,,,,27.0,,FT-T000029,,1193.82,99.7,,,,,,,,,,,,,,
A5,Cumulative value concentration,,,,,,,28.0,,FT-T000016,,739.65,99.7,,,,,,,,,,,,,,
A5,Cumulative value concentration,,,,,,,29.0,,FT-T000013,,717.93,99.8,,,,,,,,,,,,,,
A5,Cumulative value concentration,,,,,,,30.0,,FT-T000003,,571.91,99.9,,,,,,,,,,,,,,
A5,Cumulative value concentration,,,,,,,31.0,,FT-T000020,,523.76,99.9,,,,,,,,,,,,,,
A5,Cumulative value concentration,,,,,,,32.0,,FT-T000024,,513.09,100.0,,,,,,,,,,,,,,
A5,Cumulative value concentration,,,,,,,33.0,,FT-T000006,,175.89,100.0,,,,,,,,,,,,,,
A6,Hourly value and volume ranking,,6.0,126769.3,,,,5.0,,,,,,0.0,1.0,,,,,,,,,,,,
A6,Hourly value and volume ranking,,6.0,274314.43,,,,1.0,,,,,,1.0,1.0,,,,,,,,,,,,
A6,Hourly value and volume ranking,,5.0,45757.09,,,,6.0,,,,,,2.0,4.0,,,,,,,,,,,,
A6,Hourly value and volume ranking,,6.0,136711.91,,,,4.0,,,,,,3.0,1.0,,,,,,,,,,,,
A6,Hourly value and volume ranking,,5.0,146500.28,,,,3.0,,,,,,4.0,4.0,,,,,,,,,,,,
A6,Hourly value and volume ranking,,5.0,229127.42,,,,2.0,,,,,,5.0,4.0,,,,,,,,,,,,
A7,Customer key integrity,,,,,,,,,,,,,,,33.0,1.0,32.0,3.0,,,,,,,,
A8,Date coverage,,33.0,959180.43,,,,,,,,,,,,,,,,2026-01-01,,,,,,,
A9,Channel/type value combinations,USSD,1.0,205633.39,205633.39,,Cash Withdrawal,,,,,,,,,,,,,,,,,,,,
A9,Channel/type value combinations,Mobile App,2.0,157286.55,78643.27,,Card Purchase,,,,,,,,,,,,,,,,,,,,
A9,Channel/type value combinations,Mobile App,4.0,139231.96,34807.99,,Transfer,,,,,,,,,,,,,,,,,,,,
A9,Channel/type value combinations,Web,1.0,136149.3,136149.3,,Cash Withdrawal,,,,,,,,,,,,,,,,,,,,
A9,Channel/type value combinations,Mobile App,1.0,105367.52,105367.52,,Deposit,,,,,,,,,,,,,,,,,,,,
A9,Channel/type value combinations,Mobile App,3.0,65400.68,21800.23,,Airtime/Data,,,,,,,,,,,,,,,,,,,,
A9,Channel/type value combinations,POS,1.0,45562.37,45562.37,,Bill Payment,,,,,,,,,,,,,,,,,,,,
A9,Channel/type value combinations,Mobile App,3.0,25531.26,8510.42,,Cash Withdrawal,,,,,,,,,,,,,,,,,,,,
A9,Channel/type value combinations,Web,2.0,22914.74,11457.37,,Card Purchase,,,,,,,,,,,,,,,,,,,,
A9,Channel/type value combinations,POS,1.0,16664.98,16664.98,,Cash Withdrawal,,,,,,,,,,,,,,,,,,,,
A9,Channel/type value combinations,ATM,1.0,11681.12,11681.12,,Cash Withdrawal,,,,,,,,,,,,,,,,,,,,
A9,Channel/type value combinations,POS,2.0,10679.73,5339.86,,Airtime/Data,,,,,,,,,,,,,,,,,,,,
A9,Channel/type value combinations,Web,2.0,4193.85,2096.93,,Bill Payment,,,,,,,,,,,,,,,,,,,,
A9,Channel/type value combinations,POS,1.0,3956.89,3956.89,,Card Purchase,,,,,,,,,,,,,,,,,,,,
A9,Channel/type value combinations,USSD,2.0,2877.04,1438.52,,Bill Payment,,,,,,,,,,,,,,,,,,,,
A9,Channel/type value combinations,POS,1.0,2405.08,2405.08,,Deposit,,,,,,,,,,,,,,,,,,,,
A9,Channel/type value combinations,Web,1.0,1295.56,1295.56,,Airtime/Data,,,,,,,,,,,,,,,,,,,,
A9,Channel/type value combinations,USSD,1.0,739.65,739.65,,Transfer,,,,,,,,,,,,,,,,,,,,
A9,Channel/type value combinations,ATM,1.0,571.91,571.91,,Transfer,,,,,,,,,,,,,,,,,,,,
A9,Channel/type value combinations,Mobile App,1.0,523.76,523.76,,Bill Payment,,,,,,,,,,,,,,,,,,,,
A9,Channel/type value combinations,POS,1.0,513.09,513.09,,Transfer,,,,,,,,,,,,,,,,,,,,
A10,Transaction-field completeness,,,,,,,,,,,,,,,,,,,,33.0,0.0,0.0,0.0,0.0,0.0,0.0
